{"assets/images/635.png":["assets/images/635.png"],"assets/images/ce.png":["assets/images/ce.png"],"assets/images/fmea.png":["assets/images/fmea.png"],"assets/images/ishi.png":["assets/images/ishi.png"],"assets/images/mind.png":["assets/images/mind.png"],"assets/images/morph.png":["assets/images/morph.png"],"assets/images/nutz.png":["assets/images/nutz.png"],"assets/images/paar.png":["assets/images/paar.png"],"assets/images/pare.png":["assets/images/pare.png"],"assets/images/psp.png":["assets/images/psp.png"],"assets/images/swot.png":["assets/images/swot.png"],"assets/images/walt.png":["assets/images/walt.png"],"assets/vorlagen/635-Methode.docx":["assets/vorlagen/635-Methode.docx"],"assets/vorlagen/CE-Risikobeurteilung.xlsx":["assets/vorlagen/CE-Risikobeurteilung.xlsx"],"assets/vorlagen/Eisenhower-Matrix.png":["assets/vorlagen/Eisenhower-Matrix.png"],"assets/vorlagen/FMEA.xlsx":["assets/vorlagen/FMEA.xlsx"],"assets/vorlagen/Ishikawa-Diagramm.pptx":["assets/vorlagen/Ishikawa-Diagramm.pptx"],"assets/vorlagen/Mind-Mapping.pptx":["assets/vorlagen/Mind-Mapping.pptx"],"assets/vorlagen/Morphologischer Kasten.xlsx":["assets/vorlagen/Morphologischer Kasten.xlsx"],"assets/vorlagen/Nutzwertanalyse.xlsx":["assets/vorlagen/Nutzwertanalyse.xlsx"],"assets/vorlagen/Paarweiser-Vergleich.xlsx":["assets/vorlagen/Paarweiser-Vergleich.xlsx"],"assets/vorlagen/Pareto-Analyse.xlsx":["assets/vorlagen/Pareto-Analyse.xlsx"],"assets/vorlagen/Projektstrukturplan.pptx":["assets/vorlagen/Projektstrukturplan.pptx"],"assets/vorlagen/SWOT.xlsx":["assets/vorlagen/SWOT.xlsx"],"assets/vorlagen/Walt Disney.xlsx":["assets/vorlagen/Walt Disney.xlsx"],"assets/vorlagen/eisenhower.png":["assets/vorlagen/eisenhower.png"]}